{"format": "layers-model", "generatedBy": "keras v3.8.0", "convertedBy": "TensorFlow.js Converter v4.22.0", "modelTopology": {"keras_version": "3.8.0", "backend": "tensorflow", "model_config": {"class_name": "Sequential", "config": {"name": "sequential_4", "trainable": true, "dtype": {"module": "keras", "class_name": "DTypePolicy", "config": {"name": "float32"}, "registered_name": null}, "layers": [{"class_name": "InputLayer", "config": {"batch_shape": [null, 60, 7], "dtype": "float32", "sparse": false, "name": "input_layer_4"}}, {"class_name": "LSTM", "config": {"name": "lstm_8", "trainable": true, "dtype": {"module": "keras", "class_name": "DTypePolicy", "config": {"name": "mixed_float16"}, "registered_name": null}, "return_sequences": false, "return_state": false, "go_backwards": false, "stateful": false, "unroll": false, "zero_output_for_mask": false, "units": 64, "activation": "tanh", "recurrent_activation": "sigmoid", "use_bias": true, "kernel_initializer": {"module": "keras.initializers", "class_name": "GlorotUniform", "config": {"seed": null}, "registered_name": null}, "recurrent_initializer": {"module": "keras.initializers", "class_name": "Orthogonal", "config": {"seed": null, "gain": 1.0}, "registered_name": null}, "bias_initializer": {"module": "keras.initializers", "class_name": "Zeros", "config": {}, "registered_name": null}, "unit_forget_bias": true, "kernel_regularizer": null, "recurrent_regularizer": null, "bias_regularizer": null, "activity_regularizer": null, "kernel_constraint": null, "recurrent_constraint": null, "bias_constraint": null, "dropout": 0.0, "recurrent_dropout": 0.0, "seed": null}}, {"class_name": "Dropout", "config": {"name": "dropout_8", "trainable": true, "dtype": {"module": "keras", "class_name": "DTypePolicy", "config": {"name": "mixed_float16"}, "registered_name": null}, "rate": 0.2, "seed": null, "noise_shape": null}}, {"class_name": "Dense", "config": {"name": "dense_8", "trainable": true, "dtype": {"module": "keras", "class_name": "DTypePolicy", "config": {"name": "mixed_float16"}, "registered_name": null}, "units": 32, "activation": "relu", "use_bias": true, "kernel_initializer": {"module": "keras.initializers", "class_name": "GlorotUniform", "config": {"seed": null}, "registered_name": null}, "bias_initializer": {"module": "keras.initializers", "class_name": "Zeros", "config": {}, "registered_name": null}, "kernel_regularizer": null, "bias_regularizer": null, "kernel_constraint": null, "bias_constraint": null}}, {"class_name": "Dense", "config": {"name": "dense_9", "trainable": true, "dtype": {"module": "keras", "class_name": "DTypePolicy", "config": {"name": "mixed_float16"}, "registered_name": null}, "units": 1, "activation": "linear", "use_bias": true, "kernel_initializer": {"module": "keras.initializers", "class_name": "GlorotUniform", "config": {"seed": null}, "registered_name": null}, "bias_initializer": {"module": "keras.initializers", "class_name": "Zeros", "config": {}, "registered_name": null}, "kernel_regularizer": null, "bias_regularizer": null, "kernel_constraint": null, "bias_constraint": null}}], "build_input_shape": [null, 60, 7]}}, "training_config": {"loss": "mean_squared_error", "loss_weights": null, "metrics": null, "weighted_metrics": null, "run_eagerly": false, "steps_per_execution": 1, "jit_compile": false, "optimizer_config": {"class_name": "LossScaleOptimizer", "config": {"name": "loss_scale_optimizer", "weight_decay": null, "clipnorm": null, "global_clipnorm": null, "clipvalue": null, "use_ema": false, "ema_momentum": 0.99, "ema_overwrite_frequency": null, "loss_scale_factor": null, "gradient_accumulation_steps": null, "inner_optimizer": {"module": "keras.optimizers", "class_name": "Adam", "config": {"name": "adam", "learning_rate": 0.0010000000474974513, "weight_decay": null, "clipnorm": null, "global_clipnorm": null, "clipvalue": null, "use_ema": false, "ema_momentum": 0.99, "ema_overwrite_frequency": null, "loss_scale_factor": null, "gradient_accumulation_steps": null, "beta_1": 0.9, "beta_2": 0.999, "epsilon": 1e-07, "amsgrad": false}, "registered_name": null}, "initial_scale": 32768.0, "dynamic_growth_steps": 2000}}}}, "weightsManifest": [{"paths": ["group1-shard1of1.bin"], "weights": [{"name": "sequential_4/dense_8/kernel", "shape": [64, 32], "dtype": "float32"}, {"name": "sequential_4/dense_8/bias", "shape": [32], "dtype": "float32"}, {"name": "sequential_4/dense_9/kernel", "shape": [32, 1], "dtype": "float32"}, {"name": "sequential_4/dense_9/bias", "shape": [1], "dtype": "float32"}, {"name": "sequential_4/lstm_8/lstm_cell/kernel", "shape": [7, 256], "dtype": "float32"}, {"name": "sequential_4/lstm_8/lstm_cell/recurrent_kernel", "shape": [64, 256], "dtype": "float32"}, {"name": "sequential_4/lstm_8/lstm_cell/bias", "shape": [256], "dtype": "float32"}]}]}